"id","food.Ncorr","food.Ndrop","food.Ninc","food.Ntrial","food.Pcorr","food.Pinc","food.Pdrop","food.Ptrial","food.Mcorr","food.Minc","neu.Ncorr","neu.Ndrop","neu.Ninc","neu.Ntrial","neu.Pcorr","neu.Pinc","neu.Pdrop","neu.Ptrial","neu.Mcorr","neu.Minc"
10564,34,10,6,50,0.68,0.12,0.2,1,236.029411764706,146.833333333333,33,13,4,50,0.66,0.08,0.26,1,247.69696969697,151.75
2016,27,12,11,50,0.54,0.22,0.24,1,241,196.636363636364,25,13,12,50,0.5,0.24,0.26,1,258.16,190.666666666667
2771,23,15,12,50,0.46,0.24,0.3,1,365.869565217391,264.166666666667,21,19,10,50,0.42,0.2,0.38,1,428.619047619048,310.9
576,27,18,5,50,0.54,0.1,0.36,1,221.037037037037,152.2,26,16,8,50,0.52,0.16,0.32,1,199,153
7626,47,1,2,50,0.94,0.04,0.02,1,201.234042553192,148,39,4,7,50,0.78,0.14,0.08,1,195.692307692308,143.714285714286
